{
	"format_version": "1.8.0",
	"animations": {
		"animation.player.sneaking": {
			"loop": true,
			"animation_length": 0.56,
			"bones": {
				"head": {
					"rotation": {
						"0.0": [0, 0, 0],
						"1.6": [15, 0, 0]
					},
					"position": {
						"0.0": [0, 0, 0],
						"1.6": [0, 0, -2]
					}
				},
				"body": {
					"rotation": {
						"0.0": [0, 0, 0],
						"1.6": [10, 0, 0],
						"1.8333": [10, 0, 0]
					},
					"position": {
						"0.0": [0, 0, 0],
						"1.6": [0, 0, -2]
					}
				},
				"leftArm": {
					"rotation": {
						"0.0": [56, 0, 0],
						"0.3567": [65, 0, 0],
						"0.7066": [56, 0, 0]
					},
					"position": {
						"0.0": [0, 0, 0],
						"1.6": [0, 0, -2],
						"2.7167": [0, 0, -2]
					}
				},
				"rightArm": {
					"rotation": {
						"0.0": [56, 0, 0],
						"0.3567": [65, 0, 0],
						"0.7066": [56, 0, 0]
					},
					"position": {
						"0.0": [0, 0, 0],
						"1.6": [0, 0, -2]
					}
				},
				"leftLeg": {
					"rotation": {
						"0.0": [38, 0, 0],
						"0.3567": [-38, 0, 0],
						"0.5066": [0, 0, 0],
						"0.7066": [38, 0, 0],
						"0.8066": [-38, 0, 0]
						
					}
				   },
				"rightLeg": {
					"rotation": {
						"0.0": [-38, 0, 0],
						"0.3567": [38, 0, 0],
						"0.5066": [0, 0, 0],
						"0.7066": [-38, 0, 0],
						"0.8066": [38, 0, 0]
					}
				}
			}
		}
	}
}